id,x,y,width,height,rotate,mirror,hide
1,-23,46,11,9,30,FALSE,FALSE
2,54,-1,10,8,45,TRUE,FALSE
3,-34,-47,12,14,30,FALSE,FALSE
4,37,87,9,2,75,TRUE,FALSE
5,13,69,4,4,45,FALSE,FALSE
6,-68,34,6,15,45,TRUE,FALSE
7,-91,-51,9,7,30,FALSE,TRUE
8,3,92,9,6,30,TRUE,FALSE
9,49,-40,11,9,30,FALSE,FALSE
10,55,52,9,5,75,TRUE,FALSE
11,-99,-26,10,12,0,FALSE,TRUE
12,-43,-80,3,7,75,TRUE,FALSE
13,-71,79,14,12,15,FALSE,TRUE
14,-39,-87,3,10,60,TRUE,FALSE
15,-73,-31,13,11,75,FALSE,FALSE
16,50,-59,2,9,0,TRUE,FALSE
17,-49,-54,15,3,45,FALSE,FALSE
18,71,-44,8,14,30,TRUE,FALSE
19,91,-32,5,15,30,FALSE,FALSE
20,20,-95,3,8,60,TRUE,FALSE
21,13,-19,14,5,60,FALSE,FALSE
22,-3,74,3,5,75,TRUE,FALSE
23,56,28,15,6,60,FALSE,FALSE
24,-42,-85,4,8,15,TRUE,FALSE
25,-71,86,9,15,75,FALSE,TRUE
26,45,23,6,14,60,TRUE,FALSE
27,6,-59,9,11,75,FALSE,FALSE
28,-8,59,9,11,0,TRUE,FALSE
29,-96,-52,3,10,75,FALSE,TRUE
30,75,100,8,7,15,TRUE,TRUE
31,-68,90,11,5,60,FALSE,TRUE
32,11,-61,3,8,75,TRUE,FALSE
33,38,-64,10,11,60,FALSE,FALSE
34,18,-10,5,8,60,TRUE,FALSE
35,-68,-15,10,15,15,FALSE,FALSE
36,-96,-20,3,2,15,TRUE,FALSE
37,34,-76,10,9,15,FALSE,FALSE
38,61,90,8,5,0,TRUE,TRUE
39,-84,74,13,12,0,FALSE,TRUE
40,77,-44,15,4,0,TRUE,FALSE
41,70,-62,9,8,30,FALSE,FALSE
42,42,-94,6,4,75,TRUE,TRUE
43,93,-99,12,14,45,FALSE,TRUE
44,48,-23,7,8,0,TRUE,FALSE
45,30,67,14,11,60,FALSE,FALSE
46,-83,-35,7,6,15,TRUE,FALSE
47,-24,-73,5,6,60,FALSE,FALSE
48,-25,84,4,12,45,TRUE,FALSE
49,36,6,10,8,75,FALSE,FALSE
50,7,-9,11,5,30,TRUE,FALSE
51,-1,-83,12,4,60,FALSE,FALSE
52,-81,84,13,11,15,TRUE,TRUE
53,-6,38,2,7,45,FALSE,FALSE
54,26,55,11,7,60,TRUE,FALSE
55,96,64,10,9,60,FALSE,TRUE
56,64,99,6,7,45,TRUE,TRUE
57,-64,-68,12,15,60,FALSE,FALSE
58,-6,-69,6,8,60,TRUE,FALSE
59,-43,-35,5,8,30,FALSE,FALSE
60,8,45,10,10,45,TRUE,FALSE
61,-37,33,10,4,15,FALSE,FALSE
62,96,17,2,12,0,TRUE,FALSE
63,95,92,7,13,0,FALSE,TRUE
64,21,29,6,15,0,TRUE,FALSE
65,-58,85,14,8,75,FALSE,TRUE
66,-26,-79,5,12,45,TRUE,FALSE
67,51,73,10,5,75,FALSE,FALSE
68,-12,-62,9,3,60,TRUE,FALSE
69,39,5,4,12,30,FALSE,FALSE
70,13,21,5,11,15,TRUE,FALSE
71,-38,-6,5,12,30,FALSE,FALSE
72,-27,63,12,13,60,TRUE,FALSE
73,3,63,2,9,15,FALSE,FALSE
74,79,13,7,2,60,TRUE,FALSE
75,2,-94,9,10,75,FALSE,FALSE
76,80,4,3,7,30,TRUE,FALSE
77,54,96,11,12,30,FALSE,TRUE
78,96,28,12,13,45,TRUE,FALSE
79,-56,76,14,13,0,FALSE,FALSE
80,-71,12,14,5,75,TRUE,FALSE
81,-23,-45,15,2,30,FALSE,FALSE
82,-22,92,6,12,15,TRUE,FALSE
83,-9,43,14,14,30,FALSE,FALSE
84,-85,78,3,9,45,TRUE,TRUE
85,80,-27,3,7,30,FALSE,FALSE
86,-32,72,3,13,15,TRUE,FALSE
87,62,77,4,9,0,FALSE,FALSE
88,-98,80,14,15,75,TRUE,TRUE
89,63,82,5,13,60,FALSE,TRUE
90,-37,38,7,12,30,TRUE,FALSE
91,46,71,12,11,45,FALSE,FALSE
92,34,14,2,10,0,TRUE,FALSE
93,10,-1,6,14,15,FALSE,FALSE
94,73,-38,5,6,30,TRUE,FALSE
95,-27,-66,2,2,75,FALSE,FALSE
96,15,-58,2,11,15,TRUE,FALSE
97,87,-96,5,7,75,FALSE,TRUE
98,11,46,4,9,30,TRUE,FALSE
99,-5,34,13,4,60,FALSE,FALSE
100,97,-40,3,10,75,TRUE,TRUE
101,-40,-23,8,7,60,FALSE,FALSE
102,47,27,2,2,75,TRUE,FALSE
103,19,-83,3,5,75,FALSE,FALSE
104,-49,80,4,10,60,TRUE,FALSE
105,99,54,9,11,0,FALSE,TRUE
106,-48,-64,15,9,15,TRUE,FALSE
107,49,14,14,4,30,FALSE,FALSE
108,63,91,10,9,15,TRUE,TRUE
109,-5,41,2,13,15,FALSE,FALSE
110,-7,-76,11,4,15,TRUE,FALSE
111,80,-19,14,13,60,FALSE,FALSE
112,-16,-45,5,12,60,TRUE,FALSE
113,-41,4,15,15,15,FALSE,FALSE
114,-10,-99,15,3,0,TRUE,FALSE
115,22,-1,10,13,45,FALSE,FALSE
116,62,-74,3,13,0,TRUE,FALSE
117,91,-60,6,15,0,FALSE,TRUE
118,43,-75,9,14,15,TRUE,FALSE
119,-90,81,9,4,15,FALSE,TRUE
120,40,-29,13,3,0,TRUE,FALSE
121,-66,83,8,2,75,FALSE,TRUE
122,84,-49,9,10,15,TRUE,FALSE
123,-40,93,5,15,15,FALSE,TRUE
124,84,-27,6,4,60,TRUE,FALSE
125,34,81,5,9,45,FALSE,FALSE
126,25,-2,15,3,0,TRUE,FALSE
127,-26,80,4,4,45,FALSE,FALSE
128,-67,97,2,15,45,TRUE,TRUE
129,49,0,10,11,0,FALSE,FALSE
130,-6,63,8,2,75,TRUE,FALSE
131,-80,67,4,10,15,FALSE,TRUE
132,-8,-27,5,11,45,TRUE,FALSE
133,40,-76,10,11,15,FALSE,FALSE
134,56,-37,8,6,60,TRUE,FALSE
135,-32,33,3,5,30,FALSE,FALSE
136,-50,-78,14,7,60,TRUE,FALSE
137,-2,0,5,6,45,FALSE,FALSE
138,-69,99,9,10,30,TRUE,TRUE
139,-91,96,14,4,15,FALSE,TRUE
140,-32,-36,3,7,15,TRUE,FALSE
141,-64,-34,12,15,0,FALSE,FALSE
142,6,28,15,5,15,TRUE,FALSE
143,-67,-64,4,12,15,FALSE,FALSE
144,70,41,6,2,45,TRUE,FALSE
145,45,94,13,11,0,FALSE,TRUE
146,-16,82,10,6,75,TRUE,FALSE
147,53,89,6,5,0,FALSE,TRUE
148,37,-84,13,3,30,TRUE,FALSE
149,-55,3,10,10,75,FALSE,FALSE
150,5,94,7,7,15,TRUE,FALSE
151,17,15,12,8,0,FALSE,FALSE
152,78,-50,10,13,30,TRUE,FALSE
153,15,89,15,11,30,FALSE,FALSE
154,-37,-38,11,9,15,TRUE,FALSE
155,-32,1,5,9,45,FALSE,FALSE
156,-67,60,2,8,30,TRUE,FALSE
157,7,7,6,5,15,FALSE,FALSE
158,7,-11,12,7,45,TRUE,FALSE
159,-16,-41,11,15,30,FALSE,FALSE
160,-51,14,2,15,75,TRUE,FALSE
161,56,-18,9,9,30,FALSE,FALSE
162,-99,-10,2,8,15,TRUE,FALSE
163,36,-58,6,4,0,FALSE,FALSE
164,26,-61,11,12,0,TRUE,FALSE
165,-49,82,10,3,30,FALSE,FALSE
166,21,-49,13,3,60,TRUE,FALSE
167,92,-9,9,6,45,FALSE,FALSE
168,84,77,5,10,0,TRUE,TRUE
169,-5,62,2,7,30,FALSE,FALSE
170,-7,-67,15,3,60,TRUE,FALSE
171,14,-52,12,3,45,FALSE,FALSE
172,-41,-33,10,7,45,TRUE,FALSE
173,-93,10,7,15,0,FALSE,FALSE
174,53,-79,12,15,15,TRUE,FALSE
175,-70,0,5,15,30,FALSE,FALSE
176,-31,10,13,7,15,TRUE,FALSE
177,-16,-92,14,14,30,FALSE,FALSE
178,-71,96,10,6,0,TRUE,TRUE
179,-5,-30,14,5,0,FALSE,FALSE
180,-60,-7,15,7,45,TRUE,FALSE
181,-64,16,4,4,75,FALSE,FALSE
182,85,-55,13,2,15,TRUE,TRUE
183,70,93,4,12,0,FALSE,TRUE
184,-89,91,13,6,75,TRUE,TRUE
185,73,-30,13,7,0,FALSE,FALSE
186,-77,55,13,4,30,TRUE,FALSE
187,-62,-29,12,9,15,FALSE,FALSE
188,77,-26,8,5,0,TRUE,FALSE
189,14,-100,12,15,0,FALSE,TRUE
190,-69,51,13,8,45,TRUE,FALSE
191,-62,91,11,15,60,FALSE,TRUE
192,10,82,8,11,0,TRUE,FALSE
193,31,-12,4,2,15,FALSE,FALSE
194,9,-70,4,5,45,TRUE,FALSE
195,23,31,13,12,0,FALSE,FALSE
196,-85,-34,9,3,0,TRUE,FALSE
197,-32,39,9,4,45,FALSE,FALSE
198,-72,-22,5,4,30,TRUE,FALSE
199,-75,-99,6,12,0,FALSE,TRUE
200,-92,39,2,7,15,TRUE,FALSE
201,65,98,6,8,15,FALSE,TRUE
202,-54,47,11,6,75,TRUE,FALSE
203,-34,-75,15,15,0,FALSE,FALSE
204,-56,-39,12,9,60,TRUE,FALSE
205,-92,-38,4,6,0,FALSE,FALSE
206,23,25,7,8,45,TRUE,FALSE
207,-26,67,7,13,30,FALSE,FALSE
208,-17,-95,6,12,45,TRUE,FALSE
209,-72,-14,12,3,15,FALSE,FALSE
210,-53,-70,9,10,75,TRUE,FALSE
211,-77,-98,8,8,30,FALSE,TRUE
212,93,-6,9,8,0,TRUE,FALSE
213,1,-74,14,3,45,FALSE,FALSE
214,-72,15,12,5,15,TRUE,FALSE
215,-83,-67,13,15,45,FALSE,TRUE
216,19,-9,6,11,30,TRUE,FALSE
217,62,59,15,4,30,FALSE,FALSE
218,-27,-89,3,5,15,TRUE,FALSE
219,93,-56,8,3,30,FALSE,TRUE
220,-54,37,5,7,60,TRUE,FALSE
221,-54,-87,11,8,75,FALSE,TRUE
222,-81,67,10,3,0,TRUE,TRUE
223,-95,96,2,9,75,FALSE,TRUE
224,7,60,13,8,75,TRUE,FALSE
225,80,19,8,5,60,FALSE,FALSE
226,-45,-21,9,9,15,TRUE,FALSE
227,-47,-86,10,9,30,FALSE,FALSE
228,-45,12,13,15,15,TRUE,FALSE
229,-16,30,8,6,0,FALSE,FALSE
230,22,-20,8,8,0,TRUE,FALSE
231,-41,63,9,4,0,FALSE,FALSE
232,55,-87,2,11,45,TRUE,TRUE
233,5,97,12,10,75,FALSE,FALSE
234,-17,42,14,7,45,TRUE,FALSE
235,-36,90,9,3,30,FALSE,FALSE
236,96,-99,8,5,30,TRUE,TRUE
237,33,-61,11,11,0,FALSE,FALSE
238,-57,-6,10,15,15,TRUE,FALSE
239,-41,58,5,2,15,FALSE,FALSE
240,-25,23,2,7,60,TRUE,FALSE
241,-12,-48,15,7,0,FALSE,FALSE
242,62,-46,6,5,60,TRUE,FALSE
243,-79,42,11,14,30,FALSE,FALSE
244,-67,-21,9,9,45,TRUE,FALSE
245,-51,-86,2,4,45,FALSE,FALSE
246,-88,75,4,2,15,TRUE,TRUE
247,8,98,14,9,15,FALSE,FALSE
248,70,-49,11,9,60,TRUE,FALSE
249,-79,-100,14,11,30,FALSE,TRUE
250,-45,63,9,9,60,TRUE,FALSE
251,0,-30,12,7,45,FALSE,FALSE
252,9,-82,5,14,45,TRUE,FALSE
253,33,59,11,6,60,FALSE,FALSE
254,73,-65,6,4,0,TRUE,FALSE
255,-56,-10,8,4,60,FALSE,FALSE
256,51,-93,11,2,30,TRUE,TRUE
257,52,81,14,5,0,FALSE,FALSE
258,59,-11,11,5,75,TRUE,FALSE
259,-52,-11,12,9,0,FALSE,FALSE
260,57,85,11,15,75,TRUE,TRUE
261,94,-91,13,7,75,FALSE,TRUE
262,41,21,11,7,15,TRUE,FALSE
263,66,95,8,13,30,FALSE,TRUE
264,15,-32,8,13,45,TRUE,FALSE
265,4,-13,7,12,45,FALSE,FALSE
266,47,-57,9,2,75,TRUE,FALSE
267,-93,-77,7,8,30,FALSE,TRUE
268,12,-67,9,11,15,TRUE,FALSE
269,88,-16,5,10,60,FALSE,FALSE
270,13,-66,6,10,30,TRUE,FALSE
271,-62,94,2,8,45,FALSE,TRUE
272,-19,59,11,9,15,TRUE,FALSE
273,43,68,9,8,45,FALSE,FALSE
274,64,23,13,14,0,TRUE,FALSE
275,-25,72,9,14,15,FALSE,FALSE
276,-86,27,7,11,75,TRUE,FALSE
277,73,-34,11,11,60,FALSE,FALSE
278,3,-46,12,10,30,TRUE,FALSE
279,38,-36,7,6,15,FALSE,FALSE
280,1,43,7,7,30,TRUE,FALSE
281,95,-47,11,4,30,FALSE,TRUE
282,-59,92,7,13,75,TRUE,TRUE
283,60,42,14,3,45,FALSE,FALSE
284,-81,37,2,12,60,TRUE,FALSE
285,50,-8,13,3,30,FALSE,FALSE
286,82,21,13,10,30,TRUE,FALSE
287,-2,1,4,14,0,FALSE,FALSE
288,-50,85,10,11,45,TRUE,FALSE
289,-12,30,3,13,45,FALSE,FALSE
290,-47,-97,5,5,60,TRUE,TRUE
291,24,-3,4,13,75,FALSE,FALSE
292,-55,-65,6,13,30,TRUE,FALSE
293,37,-20,7,7,45,FALSE,FALSE
294,-47,-92,5,8,30,TRUE,TRUE
295,-3,-82,6,8,75,FALSE,FALSE
296,66,-58,12,5,75,TRUE,FALSE
297,-75,-96,14,4,30,FALSE,TRUE
298,92,-18,10,8,30,TRUE,FALSE
299,82,-29,2,4,0,FALSE,FALSE
300,-5,-50,15,8,75,TRUE,FALSE
301,31,72,4,8,0,FALSE,FALSE
302,-71,-35,15,5,0,TRUE,FALSE
303,-71,-45,13,10,15,FALSE,FALSE
304,49,-6,12,7,30,TRUE,FALSE
305,-26,-36,10,2,30,FALSE,FALSE
306,29,-21,14,10,0,TRUE,FALSE
307,-23,-10,12,2,60,FALSE,FALSE
308,52,-30,12,9,15,TRUE,FALSE
309,9,-68,3,5,30,FALSE,FALSE
310,66,-85,2,6,75,TRUE,TRUE
311,65,-64,13,10,30,FALSE,FALSE
312,75,-37,7,4,60,TRUE,FALSE
313,60,15,13,3,60,FALSE,FALSE
314,60,-42,7,9,30,TRUE,FALSE
315,-76,97,8,6,45,FALSE,TRUE
316,6,-32,10,4,75,TRUE,FALSE
317,-37,-16,3,15,15,FALSE,FALSE
318,-92,13,13,10,45,TRUE,FALSE
319,-98,74,11,6,45,FALSE,TRUE
320,-46,11,3,11,60,TRUE,FALSE
321,-63,-38,12,10,45,FALSE,FALSE
322,17,83,3,14,0,TRUE,FALSE
323,-66,-62,15,10,30,FALSE,FALSE
324,-97,72,10,13,45,TRUE,TRUE
325,-42,7,10,3,45,FALSE,FALSE
326,36,22,13,9,15,TRUE,FALSE
327,34,1,8,7,75,FALSE,FALSE
328,-34,-77,2,15,30,TRUE,FALSE
329,-95,-41,4,6,30,FALSE,TRUE
330,55,24,3,10,15,TRUE,FALSE
331,76,12,13,9,30,FALSE,FALSE
332,100,-16,2,6,15,TRUE,TRUE
333,14,68,13,7,30,FALSE,FALSE
334,-3,94,3,12,0,TRUE,FALSE
335,-100,0,14,7,30,FALSE,FALSE
336,-28,41,5,6,30,TRUE,FALSE
337,61,-74,6,10,75,FALSE,FALSE
338,-90,-86,4,3,30,TRUE,TRUE
339,-81,52,3,4,15,FALSE,FALSE
340,-51,48,5,14,75,TRUE,FALSE
341,-95,-94,5,6,60,FALSE,TRUE
342,-24,36,3,13,0,TRUE,FALSE
343,71,45,12,8,0,FALSE,FALSE
344,88,-91,7,2,30,TRUE,TRUE
345,-38,16,6,8,45,FALSE,FALSE
346,-28,-29,6,10,45,TRUE,FALSE
347,-91,96,8,15,15,FALSE,TRUE
348,98,-3,8,14,15,TRUE,FALSE
349,-8,-53,4,4,0,FALSE,FALSE
350,40,87,3,15,30,TRUE,FALSE
351,12,46,11,7,45,FALSE,FALSE
352,-77,-56,9,13,15,TRUE,FALSE
353,92,-56,7,14,30,FALSE,TRUE
354,91,3,6,6,60,TRUE,FALSE
355,92,33,11,5,0,FALSE,FALSE
356,-32,-2,2,15,60,TRUE,FALSE
357,-89,-58,15,12,75,FALSE,TRUE
358,-52,-58,14,13,15,TRUE,FALSE
359,-53,23,3,9,30,FALSE,FALSE
360,-54,68,13,2,15,TRUE,FALSE
361,-34,36,8,2,15,FALSE,FALSE
362,-65,-91,8,2,15,TRUE,TRUE
363,-45,-94,3,9,30,FALSE,TRUE
364,-50,-64,15,3,30,TRUE,FALSE
365,-44,38,13,13,30,FALSE,FALSE
366,-61,62,2,5,45,TRUE,FALSE
367,-6,-26,7,3,0,FALSE,FALSE
368,-99,24,9,15,30,TRUE,TRUE
369,30,-53,15,14,30,FALSE,FALSE
370,70,-73,8,4,0,TRUE,TRUE
371,7,-38,7,15,30,FALSE,FALSE
372,83,-7,15,12,60,TRUE,FALSE
373,-20,59,13,3,15,FALSE,FALSE
374,-75,-87,12,13,60,TRUE,TRUE
375,76,-38,6,8,0,FALSE,FALSE
376,99,-35,11,12,45,TRUE,TRUE
377,76,44,15,14,60,FALSE,FALSE
378,25,-84,14,10,0,TRUE,FALSE
379,-92,-45,10,2,0,FALSE,TRUE
380,52,-72,11,5,45,TRUE,FALSE
381,-76,-90,14,14,30,FALSE,TRUE
382,-53,30,13,12,15,TRUE,FALSE
383,1,-5,3,11,45,FALSE,FALSE
384,58,-90,5,13,45,TRUE,TRUE
385,-79,80,9,15,30,FALSE,TRUE
386,-13,100,2,6,0,TRUE,TRUE
387,72,-79,9,7,0,FALSE,TRUE
388,-81,-37,3,6,45,TRUE,FALSE
389,-93,-42,11,5,75,FALSE,TRUE
390,-88,20,6,14,0,TRUE,FALSE
391,69,71,5,11,45,FALSE,FALSE
392,59,61,6,15,15,TRUE,FALSE
393,69,-45,2,12,60,FALSE,FALSE
394,68,86,8,12,45,TRUE,TRUE
395,-21,94,12,3,45,FALSE,FALSE
396,71,-39,8,2,75,TRUE,FALSE
397,-5,64,2,15,30,FALSE,FALSE
398,96,45,2,15,45,TRUE,TRUE
399,-48,-22,9,15,75,FALSE,FALSE
400,78,-9,8,9,75,TRUE,FALSE
401,13,84,11,5,45,FALSE,FALSE
402,96,-15,4,8,15,TRUE,FALSE
403,96,-10,5,10,30,FALSE,FALSE
404,55,52,3,4,75,TRUE,FALSE
405,34,85,8,7,75,FALSE,FALSE
406,28,63,8,12,60,TRUE,FALSE
407,-74,-69,8,10,0,FALSE,TRUE
408,37,-28,6,10,30,TRUE,FALSE
409,-80,-11,3,6,60,FALSE,FALSE
410,98,-73,9,6,15,TRUE,TRUE
411,52,-65,8,2,75,FALSE,FALSE
412,-33,-65,7,13,45,TRUE,FALSE
413,14,-29,5,12,45,FALSE,FALSE
414,20,13,5,14,45,TRUE,FALSE
415,-3,-25,13,14,75,FALSE,FALSE
416,95,12,14,3,45,TRUE,FALSE
417,5,96,13,2,0,FALSE,FALSE
418,21,-75,13,2,0,TRUE,FALSE
419,-18,-22,2,13,30,FALSE,FALSE
420,26,62,9,13,60,TRUE,FALSE
421,-58,67,10,11,15,FALSE,FALSE
422,-62,0,9,13,0,TRUE,FALSE
423,80,89,6,14,45,FALSE,TRUE
424,-85,20,12,13,45,TRUE,FALSE
425,-68,-36,7,10,75,FALSE,FALSE
426,-67,43,6,15,60,TRUE,FALSE
427,-74,66,15,15,60,FALSE,FALSE
428,8,76,6,4,45,TRUE,FALSE
429,-61,30,2,8,75,FALSE,FALSE
430,16,56,15,11,75,TRUE,FALSE
431,-37,48,15,4,15,FALSE,FALSE
432,-51,-4,5,7,45,TRUE,FALSE
433,18,55,12,15,75,FALSE,FALSE
434,-56,-29,8,6,45,TRUE,FALSE
435,43,22,11,12,30,FALSE,FALSE
436,57,-85,3,8,30,TRUE,TRUE
437,-95,73,12,6,15,FALSE,TRUE
438,32,-75,15,8,15,TRUE,FALSE
439,-66,-14,2,8,45,FALSE,FALSE
440,-7,64,10,3,0,TRUE,FALSE
441,-47,53,5,14,0,FALSE,FALSE
442,-9,7,7,10,75,TRUE,FALSE
443,-13,9,10,11,0,FALSE,FALSE
444,40,-19,3,4,15,TRUE,FALSE
445,-73,57,9,5,0,FALSE,FALSE
446,-1,-72,15,12,0,TRUE,FALSE
447,64,-93,9,9,45,FALSE,TRUE
448,-47,-22,12,10,30,TRUE,FALSE
449,78,-54,5,6,75,FALSE,FALSE
450,-26,-94,13,12,15,TRUE,FALSE
451,79,53,8,11,60,FALSE,FALSE
452,35,16,3,12,60,TRUE,FALSE
453,-16,24,12,6,60,FALSE,FALSE
454,-30,13,9,11,45,TRUE,FALSE
455,47,82,8,4,45,FALSE,FALSE
456,87,83,5,3,45,TRUE,TRUE
457,-42,-27,7,8,0,FALSE,FALSE
458,-53,12,7,6,0,TRUE,FALSE
459,25,19,8,12,30,FALSE,FALSE
460,-74,-55,15,13,75,TRUE,FALSE
461,74,-44,4,15,15,FALSE,FALSE
462,-6,10,7,14,75,TRUE,FALSE
463,20,49,13,2,0,FALSE,FALSE
464,-13,-15,3,4,0,TRUE,FALSE
465,-29,88,14,15,0,FALSE,FALSE
466,-5,27,2,8,60,TRUE,FALSE
467,1,70,12,15,75,FALSE,FALSE
468,56,-73,9,4,0,TRUE,FALSE
469,-70,-36,4,5,30,FALSE,FALSE
470,89,3,3,14,75,TRUE,FALSE
471,75,80,13,5,75,FALSE,TRUE
472,-65,-94,12,8,15,TRUE,TRUE
473,79,64,6,9,75,FALSE,TRUE
474,92,20,2,6,15,TRUE,FALSE
475,56,-9,14,10,60,FALSE,FALSE
476,19,15,6,8,30,TRUE,FALSE
477,-15,28,2,3,60,FALSE,FALSE
478,-70,37,7,4,15,TRUE,FALSE
479,74,12,10,15,15,FALSE,FALSE
480,-23,70,5,2,30,TRUE,FALSE
481,-44,81,6,15,15,FALSE,FALSE
482,-21,82,9,13,75,TRUE,FALSE
483,74,38,11,8,75,FALSE,FALSE
484,95,-95,13,2,75,TRUE,TRUE
485,57,26,11,14,0,FALSE,FALSE
486,27,71,5,3,0,TRUE,FALSE
487,-67,28,9,10,0,FALSE,FALSE
488,65,95,2,6,75,TRUE,TRUE
489,29,-96,10,14,30,FALSE,TRUE
490,-9,60,9,15,45,TRUE,FALSE
491,92,78,5,5,60,FALSE,TRUE
492,77,-11,14,5,75,TRUE,FALSE
493,32,97,2,12,30,FALSE,TRUE
494,66,-43,4,12,60,TRUE,FALSE
495,-26,-59,13,11,75,FALSE,FALSE
496,-28,-49,14,5,60,TRUE,FALSE
497,-64,-88,2,4,15,FALSE,TRUE
498,82,-82,14,14,75,TRUE,TRUE
499,-59,16,3,4,60,FALSE,FALSE
500,-70,-13,7,7,75,TRUE,FALSE
501,49,16,3,12,0,FALSE,FALSE
502,77,3,4,14,60,TRUE,FALSE
503,60,17,15,12,75,FALSE,FALSE
504,15,-43,10,15,75,TRUE,FALSE
505,-26,-5,9,15,60,FALSE,FALSE
506,-38,89,4,15,60,TRUE,FALSE
507,-2,48,4,12,45,FALSE,FALSE
508,-28,69,15,7,0,TRUE,FALSE
509,-72,-100,7,15,0,FALSE,TRUE
510,8,3,8,3,75,TRUE,FALSE
511,-94,94,13,14,75,FALSE,TRUE
512,-77,-21,6,2,60,TRUE,FALSE
513,71,36,3,9,75,FALSE,FALSE
514,-70,84,5,11,30,TRUE,TRUE
515,57,11,10,5,45,FALSE,FALSE
516,-29,71,2,5,0,TRUE,FALSE
517,-45,75,14,6,60,FALSE,FALSE
518,76,-77,10,5,45,TRUE,TRUE
519,32,-33,8,3,30,FALSE,FALSE
520,-36,-41,2,6,0,TRUE,FALSE
521,27,72,6,12,15,FALSE,FALSE
522,40,82,12,7,15,TRUE,FALSE
523,76,24,15,5,45,FALSE,FALSE
524,96,-3,3,6,15,TRUE,FALSE
525,52,22,7,9,30,FALSE,FALSE
526,45,21,11,6,60,TRUE,FALSE
527,-54,92,12,5,75,FALSE,TRUE
528,13,88,2,5,0,TRUE,FALSE
529,85,-87,9,7,0,FALSE,TRUE
530,-93,-32,9,10,15,TRUE,FALSE
531,89,65,9,9,60,FALSE,TRUE
532,65,43,13,8,75,TRUE,FALSE
533,-48,14,13,2,0,FALSE,FALSE
534,-66,-80,14,6,45,TRUE,TRUE
535,78,39,3,3,30,FALSE,FALSE
536,-6,58,3,5,15,TRUE,FALSE
537,-61,-37,12,3,45,FALSE,FALSE
538,-7,-100,3,3,15,TRUE,TRUE
539,71,15,7,3,45,FALSE,FALSE
540,-64,-11,11,14,30,TRUE,FALSE
541,62,56,7,11,30,FALSE,FALSE
542,39,58,13,2,75,TRUE,FALSE
543,43,71,10,10,45,FALSE,FALSE
544,54,-94,6,12,75,TRUE,TRUE
545,-77,76,10,7,0,FALSE,TRUE
546,-13,-88,5,2,15,TRUE,FALSE
547,49,-30,12,15,60,FALSE,FALSE
548,90,-6,10,7,15,TRUE,FALSE
549,-92,-27,10,14,75,FALSE,FALSE
550,-65,-63,9,2,15,TRUE,FALSE
551,-87,-58,14,3,45,FALSE,TRUE
552,61,-99,14,14,45,TRUE,TRUE
553,98,-32,8,4,30,FALSE,TRUE
554,78,-35,10,13,0,TRUE,FALSE
555,27,24,10,15,30,FALSE,FALSE
556,-58,48,5,8,0,TRUE,FALSE
557,31,-1,7,12,45,FALSE,FALSE
558,-35,-99,5,5,30,TRUE,TRUE
559,-53,6,14,3,15,FALSE,FALSE
560,-27,25,5,4,45,TRUE,FALSE
561,-51,52,13,6,15,FALSE,FALSE
562,-65,42,11,15,0,TRUE,FALSE
563,1,44,4,3,0,FALSE,FALSE
564,80,96,9,3,30,TRUE,TRUE
565,96,-47,6,2,0,FALSE,TRUE
566,85,-100,8,8,15,TRUE,TRUE
567,-16,-51,3,12,75,FALSE,FALSE
568,-68,-4,5,2,45,TRUE,FALSE
569,17,-38,4,9,15,FALSE,FALSE
570,32,77,5,15,15,TRUE,FALSE
571,-80,-96,5,11,0,FALSE,TRUE
572,-77,-84,13,6,75,TRUE,TRUE
573,68,-80,5,6,75,FALSE,TRUE
574,-28,-68,6,2,30,TRUE,FALSE
575,0,43,5,8,30,FALSE,FALSE
576,15,-53,9,11,60,TRUE,FALSE
577,97,-85,3,9,30,FALSE,TRUE
578,-22,-43,14,7,60,TRUE,FALSE
579,18,-92,12,6,0,FALSE,FALSE
580,-72,42,15,5,45,TRUE,FALSE
581,49,-16,4,9,60,FALSE,FALSE
582,-67,-79,11,14,15,TRUE,TRUE
583,-90,-67,8,4,30,FALSE,TRUE
584,59,85,4,15,60,TRUE,TRUE
585,-80,-69,7,6,30,FALSE,TRUE
586,-34,-29,7,15,15,TRUE,FALSE
587,-22,-2,7,12,0,FALSE,FALSE
588,-10,-75,15,10,75,TRUE,FALSE
589,-22,12,10,5,75,FALSE,FALSE
590,26,95,3,7,30,TRUE,FALSE
591,65,-18,9,4,15,FALSE,FALSE
592,-95,78,10,3,45,TRUE,TRUE
593,5,-72,12,12,15,FALSE,FALSE
594,-4,-16,15,12,60,TRUE,FALSE
595,54,-23,5,2,30,FALSE,FALSE
596,-13,57,2,12,15,TRUE,FALSE
597,93,75,3,14,60,FALSE,TRUE
598,27,62,10,12,75,TRUE,FALSE
599,90,-60,5,13,45,FALSE,TRUE
600,52,33,2,5,75,TRUE,FALSE
601,-12,64,6,7,45,FALSE,FALSE
602,-87,-43,2,8,0,TRUE,FALSE
603,53,9,15,15,45,FALSE,FALSE
604,46,-9,3,12,0,TRUE,FALSE
605,-20,96,5,3,60,FALSE,FALSE
606,-82,68,15,4,0,TRUE,TRUE
607,-26,-62,5,3,0,FALSE,FALSE
608,99,4,9,2,75,TRUE,FALSE
609,85,-14,10,15,75,FALSE,FALSE
610,12,0,2,14,30,TRUE,FALSE
611,48,38,10,9,0,FALSE,FALSE
612,98,-19,2,14,15,TRUE,FALSE
613,81,-99,8,5,30,FALSE,TRUE
614,80,21,7,2,15,TRUE,FALSE
615,64,95,2,8,0,FALSE,TRUE
616,-92,-71,12,9,75,TRUE,TRUE
617,88,-80,10,2,75,FALSE,TRUE
618,-85,-43,15,10,0,TRUE,FALSE
619,-76,77,8,9,60,FALSE,TRUE
620,-82,65,8,7,75,TRUE,TRUE
621,47,-2,3,2,60,FALSE,FALSE
622,97,-55,4,7,0,TRUE,TRUE
623,17,69,12,12,0,FALSE,FALSE
624,82,-39,14,7,45,TRUE,FALSE
625,47,-73,12,3,75,FALSE,FALSE
626,11,8,9,6,15,TRUE,FALSE
627,-94,-5,7,7,60,FALSE,FALSE
628,99,18,10,6,60,TRUE,TRUE
629,-77,-84,5,2,0,FALSE,TRUE
630,92,94,8,4,0,TRUE,TRUE
631,-35,0,14,11,75,FALSE,FALSE
632,-69,80,13,15,0,TRUE,TRUE
633,-3,70,14,9,60,FALSE,FALSE
634,-86,-44,12,11,0,TRUE,FALSE
635,-38,5,12,13,45,FALSE,FALSE
636,-11,10,2,2,30,TRUE,FALSE
637,-36,-69,5,9,45,FALSE,FALSE
638,36,-10,3,2,30,TRUE,FALSE
639,14,93,5,13,15,FALSE,FALSE
640,77,85,3,12,30,TRUE,TRUE
641,-59,63,15,3,60,FALSE,FALSE
642,-30,68,5,14,60,TRUE,FALSE
643,-27,-61,4,9,15,FALSE,FALSE
644,14,48,5,15,30,TRUE,FALSE
645,93,34,4,2,45,FALSE,FALSE
646,43,30,12,12,15,TRUE,FALSE
647,21,37,7,9,30,FALSE,FALSE
648,-24,-15,10,12,30,TRUE,FALSE
649,-30,-81,4,14,30,FALSE,FALSE
650,-16,-38,12,12,45,TRUE,FALSE
651,46,-60,8,12,30,FALSE,FALSE
652,-79,68,8,8,75,TRUE,TRUE
653,-58,-16,5,10,15,FALSE,FALSE
654,-39,30,6,7,0,TRUE,FALSE
655,75,94,15,2,30,FALSE,TRUE
656,-47,75,9,11,0,TRUE,FALSE
657,1,11,7,14,15,FALSE,FALSE
658,37,-98,11,13,15,TRUE,TRUE
659,52,-82,7,11,60,FALSE,FALSE
660,65,-67,12,11,45,TRUE,FALSE
661,-42,12,15,5,60,FALSE,FALSE
662,0,57,10,12,75,TRUE,FALSE
663,67,70,14,4,60,FALSE,FALSE
664,-5,49,7,2,75,TRUE,FALSE
665,62,11,8,8,75,FALSE,FALSE
666,-64,78,14,2,75,TRUE,TRUE
667,-65,-72,2,10,30,FALSE,FALSE
668,-5,-98,2,8,0,TRUE,FALSE
669,-52,-21,7,8,0,FALSE,FALSE
670,82,11,8,5,60,TRUE,FALSE
671,15,4,7,14,15,FALSE,FALSE
672,-26,98,15,4,60,TRUE,TRUE
673,43,-26,14,10,0,FALSE,FALSE
674,-33,-59,8,5,45,TRUE,FALSE
675,-24,-97,14,7,60,FALSE,FALSE
676,-74,89,13,12,0,TRUE,TRUE
677,55,2,11,14,30,FALSE,FALSE
678,31,71,5,11,30,TRUE,FALSE
679,-63,8,8,9,15,FALSE,FALSE
680,-37,48,10,12,75,TRUE,FALSE
681,-78,-1,13,9,45,FALSE,FALSE
682,12,78,12,14,30,TRUE,FALSE
683,-30,57,5,5,60,FALSE,FALSE
684,23,-56,3,3,15,TRUE,FALSE
685,-34,-86,2,14,15,FALSE,FALSE
686,-34,75,8,7,15,TRUE,FALSE
687,55,62,13,4,60,FALSE,FALSE
688,52,-44,5,8,60,TRUE,FALSE
689,31,-35,12,9,0,FALSE,FALSE
690,74,53,6,3,45,TRUE,FALSE
691,-55,96,13,5,45,FALSE,TRUE
692,85,26,8,4,75,TRUE,FALSE
693,-58,53,6,8,75,FALSE,FALSE
694,-53,-52,12,12,60,TRUE,FALSE
695,-11,-83,13,14,60,FALSE,FALSE
696,12,53,2,15,60,TRUE,FALSE
697,-53,61,14,13,45,FALSE,FALSE
698,-59,-32,15,11,15,TRUE,FALSE
699,-53,-51,7,13,75,FALSE,FALSE
700,-74,-90,9,5,75,TRUE,TRUE
701,46,-77,10,3,0,FALSE,FALSE
702,66,-99,8,5,75,TRUE,TRUE
703,35,-5,3,8,30,FALSE,FALSE
704,-67,-74,4,6,60,TRUE,FALSE
705,-2,62,3,10,45,FALSE,FALSE
706,9,50,15,10,0,TRUE,FALSE
707,-33,-76,2,8,30,FALSE,FALSE
708,-48,89,9,9,0,TRUE,TRUE
709,32,-15,10,11,75,FALSE,FALSE
710,80,-12,6,15,15,TRUE,FALSE
711,-66,-62,4,2,0,FALSE,FALSE
712,-54,-44,11,9,15,TRUE,FALSE
713,-35,-13,6,3,0,FALSE,FALSE
714,87,98,14,6,0,TRUE,TRUE
715,17,83,10,2,75,FALSE,FALSE
716,-9,93,4,7,75,TRUE,FALSE
717,23,81,7,15,75,FALSE,FALSE
718,-65,-3,13,11,60,TRUE,FALSE
719,-69,-40,8,3,30,FALSE,FALSE
720,6,-12,6,4,30,TRUE,FALSE
721,-46,-88,6,8,15,FALSE,FALSE
722,-73,-8,15,4,30,TRUE,FALSE
723,6,90,3,10,0,FALSE,FALSE
724,-84,43,5,15,45,TRUE,FALSE
725,48,-70,8,10,0,FALSE,FALSE
726,79,72,7,12,75,TRUE,TRUE
727,47,44,13,5,75,FALSE,FALSE
728,-24,-60,2,2,75,TRUE,FALSE
729,-47,72,15,8,45,FALSE,FALSE
730,91,-72,3,5,30,TRUE,TRUE
731,-52,60,5,4,15,FALSE,FALSE
732,12,25,10,6,60,TRUE,FALSE
733,11,-79,5,13,15,FALSE,FALSE
734,-13,-69,11,4,75,TRUE,FALSE
735,86,32,4,10,0,FALSE,FALSE
736,-84,51,11,3,15,TRUE,FALSE
737,-93,76,2,10,75,FALSE,TRUE
738,-34,76,14,10,45,TRUE,FALSE
739,0,-33,12,8,75,FALSE,FALSE
740,-23,36,12,13,45,TRUE,FALSE
741,62,72,7,11,0,FALSE,FALSE
742,18,35,12,3,15,TRUE,FALSE
743,26,55,2,3,75,FALSE,FALSE
744,96,14,13,2,15,TRUE,FALSE
745,-75,95,7,3,45,FALSE,TRUE
746,-56,70,14,14,15,TRUE,FALSE
747,-25,3,13,12,60,FALSE,FALSE
748,44,-91,15,4,30,TRUE,TRUE
749,-31,-63,14,10,30,FALSE,FALSE
750,54,-33,5,3,60,TRUE,FALSE
751,71,-16,15,2,75,FALSE,FALSE
752,-10,49,2,7,45,TRUE,FALSE
753,-33,-14,13,15,60,FALSE,FALSE
754,-72,-21,9,4,75,TRUE,FALSE
755,-40,-71,2,9,45,FALSE,FALSE
756,-40,19,15,15,15,TRUE,FALSE
757,-59,90,10,2,30,FALSE,TRUE
758,-80,93,8,11,15,TRUE,TRUE
759,20,-54,9,5,30,FALSE,FALSE
760,-49,-24,13,15,30,TRUE,FALSE
761,61,85,5,11,75,FALSE,TRUE
762,9,1,12,6,45,TRUE,FALSE
763,14,-5,12,8,45,FALSE,FALSE
764,9,56,8,7,60,TRUE,FALSE
765,-34,0,15,10,75,FALSE,FALSE
766,16,53,7,12,60,TRUE,FALSE
767,15,4,7,8,45,FALSE,FALSE
768,-2,99,7,2,0,TRUE,FALSE
769,89,-81,4,11,0,FALSE,TRUE
770,-22,12,15,15,60,TRUE,FALSE
771,72,-49,3,6,45,FALSE,FALSE
772,-10,-92,12,11,30,TRUE,FALSE
773,55,-45,13,9,60,FALSE,FALSE
774,13,87,4,5,45,TRUE,FALSE
775,79,35,14,4,60,FALSE,FALSE
776,-36,-63,2,11,15,TRUE,FALSE
777,42,-18,9,10,30,FALSE,FALSE
778,-57,-69,12,2,45,TRUE,FALSE
779,-39,83,7,5,15,FALSE,FALSE
780,-5,-34,6,10,75,TRUE,FALSE
781,-85,-2,3,7,30,FALSE,FALSE
782,83,59,3,5,0,TRUE,TRUE
783,-46,29,13,14,60,FALSE,FALSE
784,-96,-6,6,10,0,TRUE,FALSE
785,3,64,8,2,0,FALSE,FALSE
786,-79,66,9,2,75,TRUE,TRUE
787,54,-10,12,10,75,FALSE,FALSE
788,-19,91,8,13,30,TRUE,FALSE
789,22,59,14,11,0,FALSE,FALSE
790,-91,25,11,4,15,TRUE,FALSE
791,87,59,11,12,45,FALSE,TRUE
792,-39,-18,8,9,0,TRUE,FALSE
793,-50,-54,15,15,45,FALSE,FALSE
794,98,-45,3,2,0,TRUE,TRUE
795,46,8,5,15,45,FALSE,FALSE
796,-34,-95,8,12,0,TRUE,TRUE
797,-3,32,9,12,30,FALSE,FALSE
798,53,-25,15,15,45,TRUE,FALSE
799,-68,-85,14,9,0,FALSE,TRUE
800,-82,26,5,9,75,TRUE,FALSE
801,-15,54,2,6,0,FALSE,FALSE
802,86,-1,8,5,30,TRUE,FALSE
803,33,-97,9,8,15,FALSE,TRUE
804,-21,22,8,11,0,TRUE,FALSE
805,24,-28,13,13,45,FALSE,FALSE
806,68,83,13,10,45,TRUE,TRUE
807,11,83,9,5,15,FALSE,FALSE
808,-60,16,7,12,75,TRUE,FALSE
809,-85,-37,3,6,0,FALSE,FALSE
810,70,-47,14,8,75,TRUE,FALSE
811,90,62,5,7,60,FALSE,TRUE
812,-87,-48,8,4,75,TRUE,FALSE
813,96,40,15,2,30,FALSE,TRUE
814,70,52,4,14,15,TRUE,FALSE
815,16,39,8,10,15,FALSE,FALSE
816,91,-84,2,10,15,TRUE,TRUE
817,-67,79,10,4,45,FALSE,TRUE
818,-98,-92,12,7,30,TRUE,TRUE
819,85,42,5,14,15,FALSE,FALSE
820,-3,15,3,3,75,TRUE,FALSE
821,58,-74,9,15,15,FALSE,FALSE
822,-23,97,14,14,45,TRUE,FALSE
823,58,-71,3,5,0,FALSE,FALSE
824,57,88,2,10,60,TRUE,TRUE
825,-77,48,2,13,0,FALSE,FALSE
826,-57,-97,13,5,0,TRUE,TRUE
827,-83,-35,12,11,0,FALSE,FALSE
828,31,-73,13,13,75,TRUE,FALSE
829,93,-63,9,14,30,FALSE,TRUE
830,66,-15,10,13,45,TRUE,FALSE
831,3,-34,5,13,75,FALSE,FALSE
832,-83,-20,4,9,0,TRUE,FALSE
833,-20,-68,15,11,75,FALSE,FALSE
834,51,-7,11,12,45,TRUE,FALSE
835,85,90,12,9,15,FALSE,TRUE
836,41,-64,3,5,75,TRUE,FALSE
837,-26,49,6,5,15,FALSE,FALSE
838,23,-82,15,5,15,TRUE,FALSE
839,31,-49,5,14,60,FALSE,FALSE
840,-93,33,11,5,30,TRUE,FALSE
841,25,-46,9,3,60,FALSE,FALSE
842,-6,56,4,9,0,TRUE,FALSE
843,-100,90,11,9,15,FALSE,TRUE
844,-99,-82,9,6,30,TRUE,TRUE
845,76,-52,9,7,15,FALSE,FALSE
846,67,-10,13,9,75,TRUE,FALSE
847,-97,44,10,9,75,FALSE,TRUE
848,98,53,8,6,30,TRUE,TRUE
849,-45,71,5,8,15,FALSE,FALSE
850,-6,86,8,6,0,TRUE,FALSE
851,97,-87,14,7,15,FALSE,TRUE
852,77,-68,5,8,15,TRUE,TRUE
853,-12,-43,3,5,45,FALSE,FALSE
854,-15,82,9,13,0,TRUE,FALSE
855,-71,-89,7,10,30,FALSE,TRUE
856,68,19,11,5,0,TRUE,FALSE
857,23,21,7,11,0,FALSE,FALSE
858,-26,86,13,2,15,TRUE,FALSE
859,-68,89,3,10,30,FALSE,TRUE
860,46,51,3,5,30,TRUE,FALSE
861,-5,9,11,3,60,FALSE,FALSE
862,-43,76,14,13,60,TRUE,FALSE
863,-42,92,8,3,15,FALSE,TRUE
864,47,-80,2,11,0,TRUE,FALSE
865,70,-76,10,11,60,FALSE,TRUE
866,-62,-88,3,10,45,TRUE,TRUE
867,83,80,7,9,15,FALSE,TRUE
868,-99,96,11,8,0,TRUE,TRUE
869,3,-69,14,15,60,FALSE,FALSE
870,46,21,14,4,0,TRUE,FALSE
871,-25,84,14,9,60,FALSE,FALSE
872,95,28,14,13,75,TRUE,FALSE
873,-6,-9,5,2,30,FALSE,FALSE
874,-84,-47,14,8,15,TRUE,FALSE
875,-27,-57,5,14,15,FALSE,FALSE
876,-97,-85,2,12,15,TRUE,TRUE
877,32,71,9,8,60,FALSE,FALSE
878,54,-41,8,11,15,TRUE,FALSE
879,75,4,11,10,45,FALSE,FALSE
880,68,-72,6,10,75,TRUE,FALSE
881,9,78,2,15,75,FALSE,FALSE
882,37,49,12,12,0,TRUE,FALSE
883,-38,-96,9,12,60,FALSE,TRUE
884,-7,18,2,11,75,TRUE,FALSE
885,-43,-59,8,6,30,FALSE,FALSE
886,4,53,3,15,15,TRUE,FALSE
887,25,62,14,6,0,FALSE,FALSE
888,59,-22,15,2,75,TRUE,FALSE
889,-54,17,13,5,60,FALSE,FALSE
890,-20,62,7,10,45,TRUE,FALSE
891,12,-3,8,4,15,FALSE,FALSE
892,99,89,7,3,0,TRUE,TRUE
893,-20,-19,7,9,60,FALSE,FALSE
894,57,47,8,3,75,TRUE,FALSE
895,-69,-68,7,12,15,FALSE,FALSE
896,-77,58,9,5,15,TRUE,FALSE
897,-81,77,2,12,30,FALSE,TRUE
898,84,94,4,11,0,TRUE,TRUE
899,-37,-95,10,4,0,FALSE,TRUE
900,93,7,11,5,15,TRUE,FALSE
901,2,-37,4,9,0,FALSE,FALSE
902,54,-100,13,6,60,TRUE,TRUE
903,0,-77,14,9,15,FALSE,FALSE
904,-29,-25,3,12,15,TRUE,FALSE
905,-26,82,14,9,0,FALSE,FALSE
906,-70,-55,6,11,60,TRUE,FALSE
907,46,19,2,14,30,FALSE,FALSE
908,70,-63,10,3,0,TRUE,FALSE
909,61,-25,15,13,15,FALSE,FALSE
910,-69,29,2,14,45,TRUE,FALSE
911,-81,72,10,6,75,FALSE,TRUE
912,29,69,11,8,75,TRUE,FALSE
913,-55,-15,7,12,75,FALSE,FALSE
914,49,-42,2,8,45,TRUE,FALSE
915,-81,-44,11,12,15,FALSE,FALSE
916,16,45,13,14,45,TRUE,FALSE
917,-100,32,12,14,60,FALSE,TRUE
918,-65,10,2,15,45,TRUE,FALSE
919,23,-91,5,6,45,FALSE,FALSE
920,-43,58,8,6,15,TRUE,FALSE
921,82,-63,9,15,60,FALSE,TRUE
922,18,-97,7,7,75,TRUE,FALSE
923,74,-97,13,4,0,FALSE,TRUE
924,-95,-8,6,8,0,TRUE,FALSE
925,86,-12,14,8,45,FALSE,FALSE
926,35,18,5,14,75,TRUE,FALSE
927,68,46,13,11,75,FALSE,FALSE
928,-55,1,5,11,75,TRUE,FALSE
929,-93,-64,8,13,30,FALSE,TRUE
930,-5,33,4,14,75,TRUE,FALSE
931,66,22,12,7,30,FALSE,FALSE
932,24,1,5,6,45,TRUE,FALSE
933,-53,51,8,2,45,FALSE,FALSE
934,-78,-83,10,11,45,TRUE,TRUE
935,-46,-60,12,10,30,FALSE,FALSE
936,-19,24,14,14,75,TRUE,FALSE
937,20,62,6,12,15,FALSE,FALSE
938,-55,98,10,13,75,TRUE,TRUE
939,32,19,9,7,0,FALSE,FALSE
940,84,-61,6,7,60,TRUE,TRUE
941,79,98,11,10,45,FALSE,TRUE
942,-7,-75,10,3,45,TRUE,FALSE
943,22,-23,15,4,0,FALSE,FALSE
944,-19,22,3,3,0,TRUE,FALSE
945,-70,-30,15,8,45,FALSE,FALSE
946,-14,76,14,7,45,TRUE,FALSE
947,29,74,2,8,30,FALSE,FALSE
948,87,19,4,9,0,TRUE,FALSE
949,-94,-61,2,15,30,FALSE,TRUE
950,-25,31,10,13,15,TRUE,FALSE
951,-28,82,8,9,15,FALSE,FALSE
952,-15,-40,9,6,45,TRUE,FALSE
953,59,-13,5,2,0,FALSE,FALSE
954,2,-15,7,14,30,TRUE,FALSE
955,28,21,6,5,15,FALSE,FALSE
956,-57,-25,14,2,75,TRUE,FALSE
957,98,41,8,15,45,FALSE,TRUE
958,-61,-25,15,11,75,TRUE,FALSE
959,37,-6,6,3,75,FALSE,FALSE
960,-96,77,12,15,45,TRUE,TRUE
961,39,9,11,13,60,FALSE,FALSE
962,69,4,5,8,45,TRUE,FALSE
963,-39,-28,8,13,75,FALSE,FALSE
964,21,-5,14,5,0,TRUE,FALSE
965,-40,-93,6,5,75,FALSE,TRUE
966,64,-43,2,7,60,TRUE,FALSE
967,-84,-33,9,15,30,FALSE,FALSE
968,-16,-23,5,8,75,TRUE,FALSE
969,56,78,9,5,15,FALSE,FALSE
970,-35,-82,7,5,30,TRUE,FALSE
971,-23,77,14,10,60,FALSE,FALSE
972,79,89,11,9,15,TRUE,TRUE
973,-73,-84,11,6,0,FALSE,TRUE
974,91,-23,5,6,0,TRUE,FALSE
975,-4,50,11,5,60,FALSE,FALSE
976,38,-64,12,6,60,TRUE,FALSE
977,-12,-1,13,4,75,FALSE,FALSE
978,-41,28,14,8,30,TRUE,FALSE
979,35,-81,2,8,45,FALSE,FALSE
980,6,-46,11,4,75,TRUE,FALSE
981,43,77,13,13,60,FALSE,FALSE
982,42,10,5,13,0,TRUE,FALSE
983,-90,51,15,13,15,FALSE,TRUE
984,-12,95,15,12,15,TRUE,FALSE
985,-41,74,9,5,45,FALSE,FALSE
986,89,45,13,6,45,TRUE,FALSE
987,27,59,4,9,45,FALSE,FALSE
988,-87,9,15,3,60,TRUE,FALSE
989,32,30,14,5,0,FALSE,FALSE
990,90,84,6,14,45,TRUE,TRUE
991,-8,89,12,3,15,FALSE,FALSE
992,-15,-36,12,10,60,TRUE,FALSE
993,79,18,7,14,45,FALSE,FALSE
994,9,53,14,11,30,TRUE,FALSE
995,64,-50,6,13,30,FALSE,FALSE
996,-20,12,5,8,75,TRUE,FALSE
997,95,-54,12,15,15,FALSE,TRUE
998,-48,-37,14,7,75,TRUE,FALSE
999,-88,-2,6,13,45,FALSE,FALSE
1000,-52,3,9,9,45,TRUE,FALSE
1001,51,-63,12,12,30,FALSE,FALSE
1002,7,54,8,2,15,TRUE,FALSE
1003,-78,-97,11,13,0,FALSE,TRUE
1004,72,99,4,12,75,TRUE,TRUE
1005,-35,-49,15,6,0,FALSE,FALSE
1006,-100,-89,13,7,60,TRUE,TRUE
1007,-55,-22,6,5,60,FALSE,FALSE
1008,-44,23,13,2,60,TRUE,FALSE
1009,54,83,11,15,0,FALSE,FALSE
1010,37,44,14,7,15,TRUE,FALSE
1011,-55,-90,3,6,45,FALSE,TRUE
1012,-31,2,2,9,75,TRUE,FALSE
1013,-5,-94,6,7,60,FALSE,FALSE
1014,93,59,6,9,60,TRUE,TRUE
1015,44,-100,13,7,15,FALSE,TRUE
1016,74,80,11,14,45,TRUE,TRUE
1017,-15,-45,15,13,30,FALSE,FALSE
1018,58,94,9,12,45,TRUE,TRUE
1019,-50,-37,8,2,0,FALSE,FALSE
1020,56,97,8,13,30,TRUE,TRUE
1021,-32,-76,7,8,75,FALSE,FALSE
1022,-68,92,3,11,45,TRUE,TRUE
1023,-18,93,14,14,15,FALSE,FALSE
1024,38,25,15,13,75,TRUE,FALSE
1025,-78,-75,13,8,30,FALSE,TRUE
1026,-95,59,15,12,30,TRUE,TRUE
1027,-14,-1,7,13,30,FALSE,FALSE
1028,-20,56,15,2,30,TRUE,FALSE
1029,33,84,5,2,75,FALSE,FALSE
1030,41,-66,9,7,30,TRUE,FALSE
1031,-47,-64,15,5,75,FALSE,FALSE
1032,-31,-78,14,6,45,TRUE,FALSE
1033,11,74,7,7,60,FALSE,FALSE
1034,53,38,13,6,30,TRUE,FALSE
1035,-5,-37,12,3,30,FALSE,FALSE
1036,-8,-48,5,11,60,TRUE,FALSE
1037,29,52,5,3,30,FALSE,FALSE
1038,-47,32,15,8,75,TRUE,FALSE
1039,95,-23,10,9,15,FALSE,FALSE
1040,-97,-42,8,5,60,TRUE,TRUE
1041,0,-19,4,8,45,FALSE,FALSE
1042,17,22,9,13,15,TRUE,FALSE
1043,-92,-27,4,10,75,FALSE,FALSE
1044,-44,-65,5,6,0,TRUE,FALSE
1045,9,-65,2,2,15,FALSE,FALSE
1046,-6,47,9,3,45,TRUE,FALSE
1047,-24,1,5,13,75,FALSE,FALSE
1048,95,-26,9,2,15,TRUE,FALSE
1049,-53,-71,15,9,30,FALSE,FALSE
1050,20,-36,2,4,60,TRUE,FALSE
1051,81,34,7,15,0,FALSE,FALSE
1052,-51,-94,8,8,15,TRUE,TRUE
1053,-82,70,2,11,30,FALSE,TRUE
1054,-27,-54,10,13,30,TRUE,FALSE
1055,55,-49,6,2,45,FALSE,FALSE
1056,52,-81,10,9,60,TRUE,FALSE
1057,45,49,10,7,15,FALSE,FALSE
1058,51,34,4,12,0,TRUE,FALSE
1059,-14,42,9,9,30,FALSE,FALSE
1060,24,16,6,11,60,TRUE,FALSE
1061,-54,-72,14,4,30,FALSE,FALSE
1062,-10,14,11,13,60,TRUE,FALSE
1063,96,5,2,6,0,FALSE,FALSE
1064,44,73,11,2,75,TRUE,FALSE
1065,42,-78,6,9,60,FALSE,FALSE
1066,34,-66,6,9,75,TRUE,FALSE
1067,-80,-25,13,10,30,FALSE,FALSE
1068,51,30,8,15,45,TRUE,FALSE
1069,-74,56,6,4,75,FALSE,FALSE
1070,-62,-40,4,12,45,TRUE,FALSE
1071,-38,-56,2,4,60,FALSE,FALSE
1072,-16,57,5,14,15,TRUE,FALSE
1073,33,-43,3,15,60,FALSE,FALSE
1074,-74,49,9,8,75,TRUE,FALSE
1075,-17,1,3,9,60,FALSE,FALSE
1076,82,-96,6,6,75,TRUE,TRUE
1077,-5,96,3,13,75,FALSE,FALSE
1078,-5,48,12,7,45,TRUE,FALSE
1079,-35,-35,5,10,30,FALSE,FALSE
1080,-6,54,9,13,75,TRUE,FALSE
1081,47,2,5,4,0,FALSE,FALSE
1082,-65,-72,5,12,15,TRUE,FALSE
1083,-38,-19,15,4,15,FALSE,FALSE
1084,64,-51,13,15,45,TRUE,FALSE
1085,-6,55,14,2,30,FALSE,FALSE
1086,89,34,5,7,30,TRUE,FALSE
1087,-84,48,10,7,75,FALSE,FALSE
1088,-22,-17,10,8,15,TRUE,FALSE
1089,-52,-9,14,6,30,FALSE,FALSE
1090,-28,79,3,9,15,TRUE,FALSE
1091,-33,-83,15,11,45,FALSE,FALSE
1092,30,-91,3,2,60,TRUE,FALSE
1093,1,66,5,2,75,FALSE,FALSE
1094,66,-23,4,7,30,TRUE,FALSE
1095,-64,-81,5,2,60,FALSE,TRUE
1096,-27,-33,11,5,15,TRUE,FALSE
1097,2,-70,15,10,75,FALSE,FALSE
1098,-6,-61,14,10,60,TRUE,FALSE
1099,-54,54,15,15,75,FALSE,FALSE
1100,47,40,3,8,45,TRUE,FALSE
1101,7,54,12,14,45,FALSE,FALSE
1102,53,61,2,9,60,TRUE,FALSE
1103,85,91,7,12,75,FALSE,TRUE
1104,-32,-70,3,13,0,TRUE,FALSE
1105,13,-37,9,5,60,FALSE,FALSE
1106,-76,97,7,10,45,TRUE,TRUE
1107,10,-44,7,15,0,FALSE,FALSE
1108,-30,47,8,3,30,TRUE,FALSE
1109,-84,65,9,7,45,FALSE,TRUE
1110,-30,-29,6,2,75,TRUE,FALSE
1111,-86,78,11,10,30,FALSE,TRUE
1112,20,20,3,4,30,TRUE,FALSE
1113,-81,56,9,15,15,FALSE,FALSE
1114,-45,-46,10,2,75,TRUE,FALSE
1115,20,78,11,11,75,FALSE,FALSE
1116,7,-53,11,5,60,TRUE,FALSE
1117,62,-7,9,2,0,FALSE,FALSE
1118,89,14,6,12,15,TRUE,FALSE
1119,28,-11,12,12,75,FALSE,FALSE
1120,-35,-9,10,7,0,TRUE,FALSE
1121,71,81,14,3,60,FALSE,TRUE
1122,88,-57,15,10,60,TRUE,TRUE
1123,3,45,2,10,30,FALSE,FALSE
1124,-62,-50,11,12,60,TRUE,FALSE
1125,49,53,11,2,45,FALSE,FALSE
1126,89,52,11,2,60,TRUE,TRUE
1127,-3,13,5,15,15,FALSE,FALSE
1128,-62,27,14,4,75,TRUE,FALSE
1129,-21,3,6,4,0,FALSE,FALSE
1130,-70,-29,5,12,45,TRUE,FALSE
1131,-31,6,13,2,0,FALSE,FALSE
1132,-56,-7,13,4,0,TRUE,FALSE
1133,-38,-49,4,8,75,FALSE,FALSE
1134,-82,-89,6,12,75,TRUE,TRUE
1135,31,67,12,3,60,FALSE,FALSE
1136,-63,0,11,4,30,TRUE,FALSE
1137,20,72,8,8,15,FALSE,FALSE
1138,96,-58,14,15,45,TRUE,TRUE
1139,-1,-52,7,14,45,FALSE,FALSE
1140,-9,6,8,2,0,TRUE,FALSE
1141,-18,-50,6,8,15,FALSE,FALSE
1142,14,81,8,10,75,TRUE,FALSE
1143,53,48,15,12,75,FALSE,FALSE
1144,-22,65,14,8,75,TRUE,FALSE
1145,92,-59,8,10,75,FALSE,TRUE
1146,-42,95,13,2,45,TRUE,TRUE
1147,95,-74,5,6,75,FALSE,TRUE
1148,-59,34,11,8,75,TRUE,FALSE
1149,-96,-90,4,7,75,FALSE,TRUE
1150,-21,-56,12,9,75,TRUE,FALSE
1151,-65,-29,8,11,75,FALSE,FALSE
1152,-42,-38,8,15,15,TRUE,FALSE
1153,-52,-50,15,14,75,FALSE,FALSE
1154,-79,42,5,4,75,TRUE,FALSE
1155,-4,-75,2,12,30,FALSE,FALSE
1156,-15,37,14,11,45,TRUE,FALSE
1157,-28,5,2,15,0,FALSE,FALSE
1158,3,5,9,6,60,TRUE,FALSE
1159,-87,-30,10,7,0,FALSE,FALSE
1160,-78,64,2,12,15,TRUE,TRUE
1161,-15,70,4,6,30,FALSE,FALSE
1162,60,-96,15,12,30,TRUE,TRUE
1163,47,-45,4,3,60,FALSE,FALSE
1164,-29,37,13,3,0,TRUE,FALSE
1165,-92,40,4,5,75,FALSE,TRUE
1166,53,30,15,3,75,TRUE,FALSE
1167,28,76,12,11,30,FALSE,FALSE
1168,45,65,2,10,30,TRUE,FALSE
1169,50,-24,2,11,45,FALSE,FALSE
1170,-24,75,6,14,60,TRUE,FALSE
1171,-25,-2,12,5,75,FALSE,FALSE
1172,7,-28,10,7,45,TRUE,FALSE
1173,-57,84,13,14,30,FALSE,TRUE
1174,79,87,8,9,75,TRUE,TRUE
1175,25,48,8,5,75,FALSE,FALSE
1176,43,96,9,11,45,TRUE,TRUE
1177,77,91,9,4,15,FALSE,TRUE
1178,11,-48,4,13,15,TRUE,FALSE
1179,-26,48,12,4,15,FALSE,FALSE
1180,-60,-22,9,11,75,TRUE,FALSE
1181,43,-68,9,2,60,FALSE,FALSE
1182,76,-62,12,7,60,TRUE,FALSE
1183,89,85,10,5,15,FALSE,TRUE
1184,-36,-86,14,12,45,TRUE,FALSE
1185,-32,-86,2,4,30,FALSE,FALSE
1186,57,97,8,8,45,TRUE,TRUE
1187,82,30,4,14,15,FALSE,FALSE
1188,7,-44,8,9,60,TRUE,FALSE
1189,83,-80,7,8,0,FALSE,TRUE
1190,56,25,4,3,15,TRUE,FALSE
1191,42,-67,15,14,15,FALSE,FALSE
1192,51,-46,7,7,15,TRUE,FALSE
1193,55,-85,8,6,60,FALSE,TRUE
1194,-54,-74,5,10,75,TRUE,FALSE
1195,-17,-68,12,14,30,FALSE,FALSE
1196,33,-9,15,5,45,TRUE,FALSE
1197,-47,18,5,11,75,FALSE,FALSE
1198,6,76,11,4,60,TRUE,FALSE
1199,-82,-50,14,4,60,FALSE,FALSE
1200,90,-3,2,5,0,TRUE,FALSE
1201,80,58,14,10,0,FALSE,FALSE
1202,-25,35,7,8,30,TRUE,FALSE
1203,-86,49,4,4,45,FALSE,FALSE
1204,-79,-47,2,2,30,TRUE,FALSE
1205,-39,-30,13,5,75,FALSE,FALSE
1206,-29,8,4,11,75,TRUE,FALSE
1207,81,-10,3,4,15,FALSE,FALSE
1208,58,-45,6,6,75,TRUE,FALSE
1209,-88,81,13,9,15,FALSE,TRUE
1210,-6,35,9,12,75,TRUE,FALSE
1211,50,35,6,8,30,FALSE,FALSE
1212,-77,21,12,2,15,TRUE,FALSE
1213,-48,43,15,6,15,FALSE,FALSE
1214,2,39,9,10,0,TRUE,FALSE
1215,3,-24,11,15,15,FALSE,FALSE
1216,-28,58,7,7,45,TRUE,FALSE
1217,-97,-22,8,7,0,FALSE,FALSE
1218,48,-33,4,6,15,TRUE,FALSE
1219,40,-12,9,13,75,FALSE,FALSE
1220,-21,-58,12,3,45,TRUE,FALSE
1221,22,66,11,5,30,FALSE,FALSE
1222,85,24,6,8,75,TRUE,FALSE
1223,-28,86,5,12,30,FALSE,FALSE
1224,-63,39,8,7,60,TRUE,FALSE
1225,62,15,15,7,0,FALSE,FALSE
1226,66,-29,14,4,75,TRUE,FALSE
1227,81,-67,9,5,30,FALSE,TRUE
1228,76,53,14,3,45,TRUE,FALSE
1229,34,46,10,14,45,FALSE,FALSE
1230,-69,-99,4,9,30,TRUE,TRUE
1231,70,-37,3,14,45,FALSE,FALSE
1232,-21,-87,4,8,75,TRUE,FALSE
1233,32,-86,8,13,15,FALSE,FALSE
1234,11,-41,6,10,15,TRUE,FALSE
1235,78,0,10,6,30,FALSE,FALSE
1236,36,-70,10,11,75,TRUE,FALSE
1237,-54,-11,3,15,75,FALSE,FALSE
1238,5,68,15,5,0,TRUE,FALSE
1239,16,95,7,9,60,FALSE,FALSE
1240,46,-67,14,2,45,TRUE,FALSE
1241,-27,30,14,12,0,FALSE,FALSE
1242,72,-5,7,11,30,TRUE,FALSE
1243,73,74,5,2,75,FALSE,TRUE
1244,-74,-25,11,8,45,TRUE,FALSE
1245,52,1,13,5,15,FALSE,FALSE
1246,-61,-45,8,11,30,TRUE,FALSE
1247,-68,94,15,9,0,FALSE,TRUE
1248,-94,-100,15,5,75,TRUE,TRUE
1249,94,-32,8,11,75,FALSE,FALSE
1250,64,78,3,3,45,TRUE,TRUE
1251,80,-74,5,13,45,FALSE,TRUE
1252,-32,86,12,6,60,TRUE,FALSE
1253,11,98,9,10,75,FALSE,FALSE
1254,-44,51,3,6,15,TRUE,FALSE
1255,60,-76,9,13,45,FALSE,FALSE
1256,-73,-48,11,6,60,TRUE,FALSE
1257,-11,31,13,13,60,FALSE,FALSE
1258,14,-95,4,12,30,TRUE,FALSE
1259,62,65,8,12,30,FALSE,FALSE
1260,-81,-55,14,5,45,TRUE,FALSE
1261,-50,16,11,14,45,FALSE,FALSE
1262,-12,41,14,7,15,TRUE,FALSE
1263,48,43,15,8,45,FALSE,FALSE
1264,-30,-98,4,15,60,TRUE,TRUE
1265,91,68,11,7,15,FALSE,TRUE
1266,-54,-5,7,11,75,TRUE,FALSE
1267,55,26,13,4,60,FALSE,FALSE
1268,-19,-96,6,13,60,TRUE,FALSE
1269,-84,5,3,4,75,FALSE,FALSE
1270,-50,-54,7,6,60,TRUE,FALSE
1271,-2,81,2,14,45,FALSE,FALSE
1272,10,72,3,8,60,TRUE,FALSE
1273,6,-97,15,15,30,FALSE,FALSE
1274,-42,-61,7,7,0,TRUE,FALSE
1275,-69,-45,9,14,15,FALSE,FALSE
1276,-80,-85,3,5,15,TRUE,TRUE
1277,-77,-24,13,8,60,FALSE,FALSE
1278,65,14,5,14,30,TRUE,FALSE
1279,-70,48,13,12,60,FALSE,FALSE
1280,40,-70,13,9,15,TRUE,FALSE
1281,-41,-13,10,5,0,FALSE,FALSE
1282,-78,-49,3,12,0,TRUE,FALSE
1283,-92,-30,2,2,60,FALSE,FALSE
1284,77,-26,7,14,60,TRUE,FALSE
1285,16,-79,13,8,15,FALSE,FALSE
1286,15,15,2,4,45,TRUE,FALSE
1287,83,-13,9,2,15,FALSE,FALSE
1288,89,52,15,15,75,TRUE,TRUE
1289,76,46,9,11,15,FALSE,FALSE
1290,-74,89,14,10,15,TRUE,TRUE
1291,7,36,5,6,30,FALSE,FALSE
1292,43,-93,6,2,60,TRUE,TRUE
1293,81,-100,4,3,60,FALSE,TRUE
1294,79,25,10,5,45,TRUE,FALSE
1295,69,28,9,7,0,FALSE,FALSE
1296,-5,10,14,2,45,TRUE,FALSE
1297,55,-38,14,4,45,FALSE,FALSE
1298,57,21,14,2,30,TRUE,FALSE
1299,88,-96,6,13,45,FALSE,TRUE
1300,32,64,13,6,15,TRUE,FALSE
1301,-32,-93,2,2,30,FALSE,FALSE
1302,-27,-99,11,10,60,TRUE,TRUE
1303,-4,-92,3,7,30,FALSE,FALSE
1304,1,77,3,15,15,TRUE,FALSE
1305,-46,-63,7,9,30,FALSE,FALSE
1306,-37,25,8,5,45,TRUE,FALSE
1307,-44,-80,3,2,75,FALSE,FALSE
1308,-13,-23,8,9,45,TRUE,FALSE
1309,-97,-65,11,13,75,FALSE,TRUE
1310,87,-72,9,2,15,TRUE,TRUE
1311,63,-10,8,3,15,FALSE,FALSE
1312,-99,-10,10,12,30,TRUE,FALSE
1313,12,66,10,6,60,FALSE,FALSE
1314,94,56,12,2,0,TRUE,TRUE
1315,-20,70,11,11,15,FALSE,FALSE
1316,38,5,7,2,60,TRUE,FALSE
1317,46,7,5,12,15,FALSE,FALSE
1318,19,98,10,12,75,TRUE,FALSE
1319,19,5,5,3,30,FALSE,FALSE
1320,-88,-18,4,15,60,TRUE,FALSE
1321,97,-57,15,15,0,FALSE,TRUE
1322,54,94,12,8,45,TRUE,TRUE
1323,-31,-39,11,7,0,FALSE,FALSE
1324,25,-41,5,12,30,TRUE,FALSE
1325,53,70,10,12,15,FALSE,FALSE
1326,-11,-65,2,11,75,TRUE,FALSE
1327,98,-66,13,9,0,FALSE,TRUE
1328,-12,14,11,15,75,TRUE,FALSE
1329,-21,100,8,15,75,FALSE,TRUE
1330,-53,-46,8,8,0,TRUE,FALSE
1331,-97,63,15,9,75,FALSE,TRUE
1332,92,49,11,10,75,TRUE,TRUE
1333,91,-87,12,6,0,FALSE,TRUE
1334,21,-85,6,6,15,TRUE,FALSE
1335,-5,35,6,11,60,FALSE,FALSE
1336,-73,-7,6,10,75,TRUE,FALSE
1337,66,-21,2,4,75,FALSE,FALSE
1338,5,-90,10,2,0,TRUE,FALSE
1339,-51,23,4,7,75,FALSE,FALSE
1340,54,-99,2,8,60,TRUE,TRUE
1341,54,-83,14,10,0,FALSE,FALSE
1342,-96,85,2,13,30,TRUE,TRUE
1343,24,89,14,15,60,FALSE,FALSE
1344,0,-99,12,8,30,TRUE,FALSE
1345,-89,-66,8,9,0,FALSE,TRUE
1346,1,16,11,14,75,TRUE,FALSE
1347,-82,4,10,7,15,FALSE,FALSE
1348,-26,-89,2,8,45,TRUE,FALSE
1349,23,-12,15,2,45,FALSE,FALSE
1350,-31,100,13,4,60,TRUE,TRUE
1351,-73,-18,11,3,60,FALSE,FALSE
1352,33,61,14,4,0,TRUE,FALSE
1353,-8,84,15,10,30,FALSE,FALSE
1354,-65,-56,4,2,30,TRUE,FALSE
1355,46,55,15,8,0,FALSE,FALSE
1356,-87,-49,9,4,45,TRUE,FALSE
1357,-91,-30,11,2,30,FALSE,FALSE
1358,-6,53,9,3,30,TRUE,FALSE
1359,-10,27,15,10,0,FALSE,FALSE
1360,-65,-97,11,5,60,TRUE,TRUE
1361,45,-23,11,3,0,FALSE,FALSE
1362,61,-54,13,15,0,TRUE,FALSE
1363,-91,-39,7,5,60,FALSE,FALSE
1364,62,-40,4,14,30,TRUE,FALSE
1365,68,-18,14,9,0,FALSE,FALSE
1366,-18,-48,3,6,45,TRUE,FALSE
1367,-57,12,3,3,30,FALSE,FALSE
1368,38,-86,8,4,60,TRUE,FALSE
1369,29,-86,7,3,60,FALSE,FALSE
1370,-1,-21,6,13,30,TRUE,FALSE
1371,84,-93,4,6,60,FALSE,TRUE
1372,-36,-85,12,9,60,TRUE,FALSE
1373,61,-94,2,3,60,FALSE,TRUE
1374,-56,35,8,12,75,TRUE,FALSE
1375,-90,-25,4,9,45,FALSE,FALSE
1376,-78,-91,9,13,30,TRUE,TRUE
1377,36,-14,12,3,75,FALSE,FALSE
1378,7,-76,9,12,75,TRUE,FALSE
1379,-41,10,10,2,30,FALSE,FALSE
1380,86,6,13,10,60,TRUE,FALSE
1381,-21,-82,13,3,0,FALSE,FALSE
1382,-36,78,10,15,15,TRUE,FALSE
1383,66,-5,5,13,60,FALSE,FALSE
1384,31,46,9,3,15,TRUE,FALSE
1385,15,-86,14,14,30,FALSE,FALSE
1386,65,-17,9,3,30,TRUE,FALSE
1387,19,-48,8,2,15,FALSE,FALSE
1388,-94,-15,2,8,15,TRUE,FALSE
1389,49,28,12,2,0,FALSE,FALSE
1390,0,-58,12,12,0,TRUE,FALSE
1391,16,38,12,6,75,FALSE,FALSE
1392,-12,-37,6,15,30,TRUE,FALSE
1393,64,-35,13,13,0,FALSE,FALSE
1394,-48,84,8,4,15,TRUE,FALSE
1395,25,9,5,14,45,FALSE,FALSE
1396,72,66,7,5,0,TRUE,FALSE
1397,45,79,7,8,30,FALSE,FALSE
1398,-78,41,4,9,45,TRUE,FALSE
1399,60,-10,13,5,0,FALSE,FALSE
1400,74,-99,8,6,45,TRUE,TRUE
1401,-23,47,6,8,75,FALSE,FALSE
1402,8,92,5,15,15,TRUE,FALSE
1403,3,98,5,7,75,FALSE,FALSE
1404,-41,-99,14,9,15,TRUE,TRUE
1405,-12,81,9,2,15,FALSE,FALSE
1406,-51,-90,2,7,0,TRUE,TRUE
1407,72,-17,11,3,30,FALSE,FALSE
1408,-48,-88,3,12,75,TRUE,TRUE
1409,18,-60,6,13,75,FALSE,FALSE
1410,77,-25,9,13,15,TRUE,FALSE
1411,88,7,7,4,75,FALSE,FALSE
1412,-11,90,12,11,30,TRUE,FALSE
1413,-6,-15,5,3,75,FALSE,FALSE
1414,-65,91,4,12,30,TRUE,TRUE
1415,-31,-33,4,9,60,FALSE,FALSE
1416,68,-69,13,9,15,TRUE,FALSE
1417,-97,-42,14,7,30,FALSE,TRUE
1418,-1,-6,6,6,45,TRUE,FALSE
1419,-88,74,15,12,30,FALSE,TRUE
1420,-23,-100,6,15,15,TRUE,TRUE
1421,93,36,13,3,0,FALSE,FALSE
1422,81,85,7,12,15,TRUE,TRUE
1423,-84,70,4,6,45,FALSE,TRUE
1424,52,72,3,15,15,TRUE,FALSE
1425,-82,46,6,7,60,FALSE,FALSE
1426,-55,-9,3,8,30,TRUE,FALSE
1427,-27,-8,4,6,45,FALSE,FALSE
1428,44,-73,9,5,60,TRUE,FALSE
1429,50,-43,9,11,60,FALSE,FALSE
1430,39,45,15,15,60,TRUE,FALSE
1431,1,-7,8,4,60,FALSE,FALSE
1432,-14,-69,13,10,0,TRUE,FALSE
1433,-33,-49,3,9,30,FALSE,FALSE
1434,8,-69,7,8,75,TRUE,FALSE
1435,20,-28,7,3,0,FALSE,FALSE
1436,50,-26,7,13,75,TRUE,FALSE
1437,79,-25,15,5,0,FALSE,FALSE
1438,20,83,11,7,15,TRUE,FALSE
1439,31,-27,11,6,15,FALSE,FALSE
1440,89,-21,14,4,0,TRUE,FALSE
1441,-29,-91,15,10,60,FALSE,FALSE
1442,-63,-87,4,4,30,TRUE,TRUE
1443,12,77,14,4,15,FALSE,FALSE
1444,98,34,11,3,30,TRUE,TRUE
1445,-57,62,14,3,60,FALSE,FALSE
1446,94,-65,12,3,0,TRUE,TRUE
1447,59,-33,12,10,45,FALSE,FALSE
1448,72,-25,3,12,15,TRUE,FALSE
1449,57,45,5,10,75,FALSE,FALSE
1450,67,-46,8,5,45,TRUE,FALSE
1451,14,-80,7,7,60,FALSE,FALSE
1452,-82,65,8,2,75,TRUE,TRUE
1453,-73,-38,8,10,45,FALSE,FALSE
1454,-68,-76,4,13,45,TRUE,TRUE
1455,34,43,10,9,75,FALSE,FALSE
1456,38,-61,2,14,30,TRUE,FALSE
1457,49,82,14,7,60,FALSE,FALSE
1458,52,-62,13,9,45,TRUE,FALSE
1459,-73,9,11,7,75,FALSE,FALSE
1460,-59,31,2,5,0,TRUE,FALSE
1461,-53,26,9,15,15,FALSE,FALSE
1462,83,-66,15,11,60,TRUE,TRUE
1463,23,-90,5,8,15,FALSE,FALSE
1464,-37,-56,11,8,30,TRUE,FALSE
1465,-67,4,14,3,75,FALSE,FALSE
1466,-94,-72,14,11,30,TRUE,TRUE
1467,12,73,8,15,0,FALSE,FALSE
1468,-53,-37,8,15,15,TRUE,FALSE
1469,82,-86,15,7,75,FALSE,TRUE
1470,-76,26,14,3,45,TRUE,FALSE
1471,-44,35,12,13,15,FALSE,FALSE
1472,94,100,7,4,30,TRUE,TRUE
1473,-53,-43,11,14,0,FALSE,FALSE
1474,-28,98,11,9,75,TRUE,TRUE
1475,0,59,8,15,45,FALSE,FALSE
1476,-42,-9,6,5,30,TRUE,FALSE
1477,95,61,4,11,0,FALSE,TRUE
1478,-75,49,12,10,15,TRUE,FALSE
1479,-38,-24,7,3,30,FALSE,FALSE
1480,33,47,15,4,60,TRUE,FALSE
1481,55,-39,4,4,75,FALSE,FALSE
1482,44,-19,3,10,60,TRUE,FALSE
1483,-5,-96,11,5,15,FALSE,FALSE
1484,-88,-87,2,11,60,TRUE,TRUE
1485,-5,-81,10,6,30,FALSE,FALSE
1486,-23,9,10,10,15,TRUE,FALSE
1487,-82,46,4,15,75,FALSE,FALSE
1488,-67,67,6,2,30,TRUE,FALSE
1489,30,25,8,11,15,FALSE,FALSE
1490,-55,-14,13,3,45,TRUE,FALSE
1491,-7,-72,9,2,45,FALSE,FALSE
1492,67,-98,12,9,45,TRUE,TRUE
1493,70,-15,7,4,30,FALSE,FALSE
1494,-67,54,3,14,45,TRUE,FALSE
1495,-13,16,3,10,0,FALSE,FALSE
1496,-40,-100,4,13,0,TRUE,TRUE
1497,34,-66,6,12,75,FALSE,FALSE
1498,-55,-89,2,14,0,TRUE,TRUE
1499,30,-8,6,10,45,FALSE,FALSE
1500,-94,-4,4,8,0,TRUE,FALSE
1501,-98,-22,4,14,0,FALSE,TRUE
1502,-14,-27,2,6,60,TRUE,FALSE
1503,-57,-14,11,7,15,FALSE,FALSE
1504,-36,-100,2,5,0,TRUE,TRUE
1505,-28,98,2,12,0,FALSE,TRUE
1506,10,-87,11,8,45,TRUE,FALSE
1507,-45,-69,4,12,75,FALSE,FALSE
1508,70,97,8,3,30,TRUE,TRUE
1509,-71,78,4,4,15,FALSE,TRUE
1510,-36,28,4,4,45,TRUE,FALSE
1511,24,-58,8,5,0,FALSE,FALSE
1512,-67,4,2,8,0,TRUE,FALSE
1513,-87,-64,2,8,0,FALSE,TRUE
1514,89,-12,13,15,75,TRUE,FALSE
1515,-34,33,3,8,45,FALSE,FALSE
1516,23,0,6,6,45,TRUE,FALSE
1517,-25,78,3,10,0,FALSE,FALSE
1518,-78,65,13,11,15,TRUE,TRUE
1519,98,-30,7,6,0,FALSE,TRUE
1520,-16,-82,8,9,60,TRUE,FALSE
1521,58,84,4,8,45,FALSE,TRUE
1522,35,48,6,5,15,TRUE,FALSE
1523,17,-91,6,4,75,FALSE,FALSE
1524,100,-7,14,10,75,TRUE,TRUE
1525,80,-37,3,2,45,FALSE,FALSE
1526,-91,41,8,2,15,TRUE,FALSE
1527,51,-27,6,14,0,FALSE,FALSE
1528,-87,91,10,6,60,TRUE,TRUE
1529,47,65,3,11,45,FALSE,FALSE
1530,-86,-56,15,6,75,TRUE,TRUE
1531,-3,-41,13,3,60,FALSE,FALSE
1532,33,-73,12,3,0,TRUE,FALSE
1533,-33,-71,3,11,60,FALSE,FALSE
1534,13,82,12,8,30,TRUE,FALSE
1535,83,-20,13,13,30,FALSE,FALSE
1536,36,-23,4,14,75,TRUE,FALSE
1537,8,-37,11,11,30,FALSE,FALSE
1538,17,19,3,5,15,TRUE,FALSE
1539,-82,-17,3,11,15,FALSE,FALSE
1540,-61,36,12,5,15,TRUE,FALSE
1541,2,-5,9,9,15,FALSE,FALSE
1542,-29,-9,12,3,60,TRUE,FALSE
1543,89,-34,9,8,15,FALSE,FALSE
1544,-80,47,10,14,60,TRUE,FALSE
1545,-62,-23,6,6,75,FALSE,FALSE
1546,96,-61,11,14,45,TRUE,TRUE
1547,-75,-76,3,14,45,FALSE,TRUE
1548,23,-1,4,7,15,TRUE,FALSE
1549,-31,79,6,11,30,FALSE,FALSE
1550,48,-48,3,13,45,TRUE,FALSE
1551,75,-10,2,15,30,FALSE,FALSE
1552,-11,-8,12,12,15,TRUE,FALSE
1553,60,-35,10,10,45,FALSE,FALSE
1554,36,-61,9,13,45,TRUE,FALSE
1555,-50,-8,15,13,60,FALSE,FALSE
1556,-35,94,11,10,75,TRUE,TRUE
1557,-67,-13,4,2,0,FALSE,FALSE
1558,-38,-53,4,11,15,TRUE,FALSE
1559,-45,-34,4,12,15,FALSE,FALSE
1560,-23,-57,9,13,45,TRUE,FALSE
1561,-96,82,11,3,75,FALSE,TRUE
1562,16,-1,6,15,15,TRUE,FALSE
1563,-98,-31,14,10,45,FALSE,TRUE
1564,-43,49,2,11,15,TRUE,FALSE
1565,90,91,4,4,30,FALSE,TRUE
1566,63,34,6,6,45,TRUE,FALSE
1567,-85,-73,12,12,60,FALSE,TRUE
1568,44,-78,9,11,60,TRUE,FALSE
1569,-8,-90,9,14,45,FALSE,FALSE
1570,80,17,3,6,15,TRUE,FALSE
1571,15,-82,2,10,60,FALSE,FALSE
1572,25,81,15,4,0,TRUE,FALSE
1573,-61,-51,4,4,75,FALSE,FALSE
1574,-10,-63,6,9,60,TRUE,FALSE
1575,80,-9,9,13,30,FALSE,FALSE
1576,-89,-44,12,8,45,TRUE,FALSE
1577,-47,-12,4,6,60,FALSE,FALSE
1578,42,18,3,15,45,TRUE,FALSE
1579,89,95,14,3,60,FALSE,TRUE
1580,-6,-84,13,3,0,TRUE,FALSE
1581,-67,51,10,3,60,FALSE,FALSE
1582,-86,16,13,4,30,TRUE,FALSE
1583,16,-89,2,7,75,FALSE,FALSE
1584,-37,-84,12,11,75,TRUE,FALSE
1585,-48,-85,5,13,30,FALSE,FALSE
1586,6,7,3,11,15,TRUE,FALSE
1587,26,6,12,14,15,FALSE,FALSE
1588,34,-26,10,3,45,TRUE,FALSE
1589,-78,-38,13,15,75,FALSE,FALSE
1590,43,23,3,3,0,TRUE,FALSE
1591,69,61,14,11,45,FALSE,FALSE
1592,21,28,14,4,15,TRUE,FALSE
1593,8,-80,5,15,60,FALSE,FALSE
1594,-75,61,11,13,60,TRUE,FALSE
1595,35,-89,7,15,0,FALSE,FALSE
1596,30,-83,13,10,60,TRUE,FALSE
1597,79,14,15,13,0,FALSE,FALSE
1598,-22,71,10,12,15,TRUE,FALSE
1599,90,56,3,8,60,FALSE,TRUE
